rank,name,comment,publish_date,publiser,price_discount,price_original
201,这样跟孩子定规矩，孩子最不会抵触・妈妈和6-12岁孩子定规矩的小秘诀・美国家庭教育畅销书，专治各种“我不听”,298844,2016-04-01,北京联合出版公司,39.90,39.90
202,汪曾祺人间草木 散文集 万物有时，寄以风华，汪曾祺写给草木的丰盈之美,73902,2021-10-01,读者出版社,34.90,49.80
203,活法,381278,2019-11-01,东方出版社,22.20,38.00
204,西游记原著版（上、下册）（团购电话:400-1066666转6）,394868,2010-10-01,人民文学出版社,25.70,47.20
205,写给儿童的中国历史（中国孩子的历史启蒙，真正写给孩子看的中国通史，全彩铜版14册）,1022261,2014-04-01,新世界出版社,347.90,355.00
206,爱的教育 快乐读书吧 六年级上册推荐阅读(中小学生课外阅读指导丛书)彩插无障碍阅读 智慧熊图书,6646,2020-06-01,商务印书馆,16.80,21.80
207,皮特猫・3~6岁好性格养成书：第一辑（共6册）（乐观、积极、开朗……荣获19项大奖的好性格榜样，在美国家喻户晓）,351504,2018-07-01,文汇出版社,139.90,139.90
208,好好说话：非暴力沟通幼儿版 [3-6岁],16796,2020-11-01,太白文艺出版社,43.20,48.00
209,花婆婆――清华附小推荐的经典绘本！美国国家图书奖作品！,534652,2019-11-11,河北教育出版社,39.80,39.80
210,童年 快乐读书吧六年级上指定阅读 《语文》阅读丛书 人民文学出版社,113779,2018-07-01,人民文学出版社,29.20,30.00
211,郑渊洁四大名传：皮皮鲁传,436796,2015-12-01,浙江少年儿童出版社,26.10,29.00
212,时间从来不语，却回答了所有问题（文学大师季羡林百岁人生的智慧精粹，未来不足惧，过往不须泣，只有时间才懂人心。）,109316,2021-11-01,百花洲文艺出版社,55.00,55.00
213,道德经（中华经典名著全本全注全译-三全本）,37753,2021-05-15,中华书局,19.50,30.00
214,红楼梦原著版（上、下册，全两册，全本120回）（团购电话:400-1066666转6）,654821,2013-01-01,人民文学出版社,32.60,59.70
215,追风筝的人（李雪琴、高圆圆动情推荐，《纽约时报》畅销书榜上榜超100周）,1091978,2006-05-01,上海人民出版社,24.10,45.00
216,城南旧事（《语文》阅读丛书）人民文学出版社,62718,2018-05-01,人民文学出版社,25.80,26.00
217,人间词话（王国维先生的代表作，近代较富盛名的词话著作）,590179,2015-06-01,北京联合出版公司,23.90,29.80
218,童年 快乐读书吧 六年级上册推荐阅读(中小学生课外阅读指导丛书)彩插无障碍阅读 智慧熊图书,7072,2020-06-01,商务印书馆,17.40,21.80
219,刻意练习：如何从新手到大师,378158,2021-03-01,机械工业出版社,59.00,59.00
220,假如给我三天光明（中小学生阅读指导目录5-6年级。海伦・凯勒在逆境中创造奇迹的伟大自传，她被《时代周刊》评为20世纪美国十大英雄偶像之一）,272685,2015-01-01,安徽教育出版社,15.30,18.00
